{
  "parameters": {
    "N": 10,
    "M": 100,
    "population_size": 100,
    "max_generations": 200,
    "target_fitness": 0.01,
    "initial_mutation_rate": 0.2,
    "directed_mutation_ratio": 0.3,
    "diversity_threshold": 0.01
  },
  "best_genotype": [
    0.001939944651391787,
    -0.0032099899837153105,
    -0.0027665035534074193,
    0.0034160356565137873,
    -0.0021571558460728476,
    0.002511586300930878,
    -0.003224839562820425,
    0.002791853137257472,
    0.0023714202297551714,
    0.0028132019003223175
  ],
  "best_phenotype": [
    -0.00039922016880358747,
    -0.0028276849977913058,
    -0.0029325826298362613,
    -0.0035224079621940206,
    -0.006994512061038682,
    -0.00015472337259797445,
    -0.005294376357542237,
    -0.010875656783019378,
    0.004653908800601606,
    0.001651227807526777,
    -0.009120610564991074,
    0.008035617199610226,
    -0.0015467712021546755,
    0.008054198365477529,
    0.0010764299414092256,
    0.0006223102356865805,
    0.009650671981215126,
    0.004660780062189095,
    -0.006576933705723948,
    0.004312772033031447,
    0.011116946264091382,
    -0.004078732513253237,
    0.020835773304543347,
    -0.0014234321602175182,
    0.0027603075585795897,
    -0.0042893123250224915,
    -0.00462572409003442,
    0.01284930509103507,
    0.007676352243387086,
    -0.006735122885451893,
    -0.006838302551229048,
    -0.0032962495195068527,
    -0.0006645993030293829,
    -0.01291997357719713,
    0.026445196191330067,
    -0.0014266388459705983,
    0.0067162568371830125,
    0.0022299898385822,
    -0.00660657608943264,
    0.009809709478209833,
    -0.010224174146118783,
    -0.0032143238506537435,
    -0.006793442242542615,
    0.010548730769118827,
    -0.0063807141947640564,
    -0.006351736972933601,
    -0.0023762550065555468,
    -0.000568803915345114,
    -0.005807617516592527,
    0.0013482416809385215,
    0.005092833742779763,
    -0.022406386646861804,
    -0.00087623983339025,
    0.0035452563290603576,
    0.006198144554339256,
    0.004278076972583838,
    0.0073727924583906,
    1.5219450557726454e-05,
    0.007013292931025622,
    0.011599827805944892,
    -0.0019968315421428602,
    -0.003338828397549847,
    -0.0021362266011535807,
    0.005024704032343324,
    0.009292847646162821,
    -0.00035089664011278684,
    -0.0010028523018427934,
    0.0009243495338407779,
    0.010565587167923586,
    -0.006652670237818937,
    -0.0019580918839047783,
    -0.0017976663997082837,
    -0.0022743859580480826,
    0.003153127887025071,
    -0.007447524970421375,
    -0.001921913117673325,
    0.0014270717598320174,
    0.0007321374824160394,
    0.01609689949708505,
    0.000986668776895476,
    -0.01257549784187814,
    0.00022735328923367918,
    0.00830956404009622,
    0.007562371008983361,
    0.00040124024580460364,
    0.011668131143820202,
    -0.008383327604408176,
    0.003378922630729778,
    0.0008645193141015757,
    -0.012528529851516812,
    0.011043047019676091,
    -0.004160866131258587,
    -0.011680492787765041,
    -0.003089330357976218,
    -0.004956376874275728,
    -0.011693461907095689,
    0.0042748797966221655,
    -0.0007458525445646824,
    -0.009621885582538847,
    0.0038268734552615014
  ],
  "final_fitness": 0.07581908333471883,
  "convergence_generation": null,
  "total_time": 10.263146162033081,
  "mutation_statistics": {
    "total_attempts": 24753,
    "accepted": 23982,
    "rejected": 771
  },
  "timestamp": "2025-10-24T22:44:01.761692"
}