{
  "parameters": {
    "N": 8,
    "M": 4,
    "population_size": 100,
    "max_generations": 150,
    "target_fitness": 0.01,
    "initial_mutation_rate": 0.2
  },
  "best_genotype": [
    1.5104750105975242,
    0.9848423210703163,
    -1.5347376679178213,
    -2.5504213407542435,
    -3.7934721081141465,
    1.5744272298740811,
    1.9602144337584804,
    2.3930111387196122
  ],
  "best_phenotype": [
    -0.008711374777092828,
    0.0016253578593765639,
    -0.0003383226293478536,
    0.002707344701324388
  ],
  "final_fitness": 0.009272217437664217,
  "convergence_generation": 40,
  "total_time": 0.3402237892150879,
  "timestamp": "2025-10-24T18:37:36.944097"
}